countyfips,year,pdsi,spei,drought_vals,Water Level Depth
8001,2000,-1.6358333333333333,-0.11416666666666665,0.40384615384615385,24.75
8001,2001,-1.8499999999999999,0.08750000000000002,0.0,169.0
8001,2002,-4.810833333333333,-0.6433333333333334,3.150943396226415,73.78
8001,2003,-2.8975000000000004,-0.32166666666666666,1.8461538461538463,29.840000000000003
8001,2004,-0.8224999999999997,0.06583333333333337,2.3076923076923075,25.71290322580646
8001,2005,0.15916666666666662,-0.1758333333333333,0.6153846153846154,15.757500000000002
8001,2006,-2.3641666666666667,-0.3991666666666666,2.230769230769231,
8001,2007,-1.2358333333333331,-0.06583333333333331,0.9230769230769231,
8001,2008,-1.3383333333333332,-0.22833333333333328,1.169811320754717,
8001,2009,1.0775,0.2775,0.5192307692307693,18.73
8001,2010,2.430833333333333,-0.23916666666666667,0.6153846153846154,57.413529411764706
8001,2011,1.7316666666666665,0.018333333333333326,1.2115384615384615,30.89
8001,2012,-3.2258333333333336,-0.7608333333333334,2.3461538461538463,287.7
8001,2013,-1.6183333333333334,0.17166666666666666,2.2452830188679247,
8001,2014,3.8658333333333332,0.4941666666666666,0.0,
8001,2015,4.626666666666666,0.3908333333333333,0.1346153846153846,23.64
8001,2016,1.0258333333333336,-0.06749999999999996,0.7884615384615384,
8003,2000,-1.5400000000000003,-0.3924999999999999,0.4807692307692308,9.950000000000001
8003,2001,0.06750000000000007,-0.04833333333333336,0.34615384615384615,
8003,2002,-5.4799999999999995,-0.7025000000000001,3.792452830188679,8.12
8003,2003,-5.3691666666666675,-0.17583333333333329,4.0,12.2
8003,2004,-1.7016666666666669,0.015833333333333324,2.3846153846153846,12.447500000000002
8003,2005,-0.04500000000000006,-0.03750000000000001,0.8076923076923077,11.060961538461537
8003,2006,-0.5708333333333334,-0.03166666666666662,2.076923076923077,11.443000000000001
8003,2007,2.305,0.2591666666666667,0.5,13.72
8003,2008,-0.15583333333333338,0.016666666666666646,0.5849056603773585,0.0
8003,2009,-0.0016666666666666473,-0.17999999999999994,0.5,
8003,2010,-0.7983333333333333,-0.23166666666666666,0.5961538461538461,16.02
8003,2011,-3.183333333333333,-0.5316666666666667,3.4038461538461537,12.828333333333333
8003,2012,-4.628333333333333,-0.8325,2.9615384615384617,21.239473684210527
8003,2013,-2.2608333333333337,0.13999999999999999,2.660377358490566,
8003,2014,-0.5533333333333333,-0.36083333333333334,1.5,
8003,2015,-0.21583333333333332,0.0675,0.9038461538461539,16.905
8003,2016,-0.5700000000000001,-0.07250000000000001,0.34615384615384615,
8005,2000,-1.6358333333333333,-0.08416666666666663,0.40384615384615385,
8005,2001,-1.8499999999999999,0.048333333333333346,0.0,533.5
8005,2002,-4.810833333333333,-0.6583333333333333,3.169811320754717,
8005,2003,-2.8975000000000004,-0.255,2.2884615384615383,
8005,2004,-0.8224999999999997,0.13833333333333334,2.3076923076923075,19.42
8005,2005,0.15916666666666662,-0.13083333333333333,0.6346153846153846,
8005,2006,-2.3641666666666667,-0.2883333333333334,2.0961538461538463,
8005,2007,-1.2358333333333331,0.02416666666666667,0.3076923076923077,
8005,2008,-1.3383333333333332,-0.155,1.169811320754717,
8005,2009,1.0775,0.2891666666666666,0.5192307692307693,5.31
8005,2010,2.430833333333333,-0.2791666666666666,0.6153846153846154,1238.0
8005,2011,1.7316666666666665,0.03333333333333336,1.2307692307692308,90.07789473684211
8005,2012,-3.2258333333333336,-0.6750000000000002,2.326923076923077,1112.0
8005,2013,-1.6183333333333334,0.16666666666666666,2.4339622641509435,
8005,2014,3.8658333333333332,0.47083333333333327,0.23076923076923078,400.00666666666666
8005,2015,4.626666666666666,0.3825,0.09615384615384616,
8005,2016,1.0258333333333336,-0.09999999999999999,0.6730769230769231,942.8571428571429
8007,2000,-2.6166666666666667,-0.39916666666666684,0.8076923076923077,
8007,2001,-3.0566666666666666,-0.205,0.17307692307692307,
8007,2002,-6.114166666666667,-1.025,3.792452830188679,
8007,2003,-4.1066666666666665,-0.4233333333333334,3.75,
8007,2004,-1.7208333333333332,-0.11666666666666668,1.9038461538461537,
8007,2005,1.3916666666666666,-0.0024999999999999836,1.0,
8007,2006,0.21416666666666664,0.04250000000000001,1.8076923076923077,
8007,2007,0.0050000000000000044,0.05250000000000001,1.0576923076923077,
8007,2008,-0.08000000000000002,0.06583333333333334,0.39622641509433965,
8007,2009,-0.22416666666666663,-0.1425,0.75,
8007,2010,-0.05083333333333336,0.11333333333333334,0.8076923076923077,
8007,2011,0.575,-0.19333333333333325,1.6153846153846154,
8007,2012,-3.6199999999999997,-0.7316666666666668,2.423076923076923,
8007,2013,-2.485,-0.14583333333333334,2.7358490566037736,
8007,2014,1.0125,-0.48750000000000004,2.673076923076923,
8007,2015,0.6774999999999999,0.23749999999999996,1.7884615384615385,
8007,2016,-0.44416666666666665,-0.1683333333333333,0.7692307692307693,
8009,2000,-0.8133333333333334,-0.2966666666666667,0.7884615384615384,
8009,2001,-0.07416666666666664,0.10333333333333332,0.5,
8009,2002,-3.9324999999999997,-0.12249999999999998,3.641509433962264,
8009,2003,-3.26,-0.26999999999999996,3.0961538461538463,251.8
8009,2004,0.17083333333333314,0.24166666666666667,2.1346153846153846,
8009,2005,0.4491666666666667,-0.11750000000000003,0.5,
8009,2006,0.019999999999999907,-0.059166666666666666,2.326923076923077,
8009,2007,1.2,-0.26666666666666666,0.6923076923076923,
8009,2008,-0.19583333333333333,-0.17333333333333337,2.811320754716981,
8009,2009,-0.35166666666666685,0.05416666666666665,1.0,
8009,2010,0.048333333333333416,-0.018333333333333295,0.34615384615384615,
8009,2011,-3.0908333333333338,-0.4075,4.1923076923076925,239.0
8009,2012,-4.801666666666667,-0.7091666666666666,4.211538461538462,
8009,2013,-4.0575,-0.08416666666666668,4.320754716981132,177.20000000000002
8009,2014,-1.104166666666667,0.01583333333333331,3.6153846153846154,
8009,2015,2.1374999999999997,0.33083333333333337,1.2692307692307692,
8009,2016,0.2291666666666667,-0.42333333333333334,0.8076923076923077,
8011,2000,-0.8133333333333334,-0.39166666666666666,0.5,7.95
8011,2001,-0.07416666666666664,-0.004166666666666664,0.38461538461538464,
8011,2002,-3.9324999999999997,-0.44833333333333325,3.8679245283018866,23.19
8011,2003,-3.26,-0.5508333333333333,3.5384615384615383,
8011,2004,0.17083333333333314,0.20750000000000005,2.1923076923076925,
8011,2005,0.4491666666666667,-0.2041666666666667,0.6730769230769231,
8011,2006,0.019999999999999907,0.22333333333333336,2.1538461538461537,
8011,2007,1.2,-0.15499999999999997,0.21153846153846154,4.68
8011,2008,-0.19583333333333333,-0.13833333333333334,2.3773584905660377,
8011,2009,-0.35166666666666685,0.09583333333333337,0.8461538461538461,
8011,2010,0.048333333333333416,-0.145,0.5192307692307693,
8011,2011,-3.0908333333333338,-0.3058333333333333,3.326923076923077,
8011,2012,-4.801666666666667,-1.0933333333333333,3.9423076923076925,
8011,2013,-4.0575,-0.38916666666666666,5.0,
8011,2014,-1.104166666666667,0.019166666666666676,4.365384615384615,
8011,2015,2.1374999999999997,0.09250000000000004,1.4615384615384615,-999999.0
8011,2016,0.2291666666666667,-0.35916666666666663,0.8461538461538461,
8013,2000,-1.6358333333333333,-0.20666666666666664,0.5384615384615384,
8013,2001,-1.8499999999999999,-0.19833333333333333,0.019230769230769232,
8013,2002,-4.810833333333333,-0.5575,2.811320754716981,
8013,2003,-2.8975000000000004,-0.16999999999999996,1.75,
8013,2004,-0.8224999999999997,0.28916666666666674,1.25,
8013,2005,0.15916666666666662,-0.045000000000000005,0.038461538461538464,
8013,2006,-2.3641666666666667,-0.1625000000000001,1.5769230769230769,
8013,2007,-1.2358333333333331,-0.065,0.23076923076923078,
8013,2008,-1.3383333333333332,-0.05666666666666669,0.5849056603773585,
8013,2009,1.0775,0.11833333333333333,0.38461538461538464,
8013,2010,2.430833333333333,-0.0033333333333333327,0.7692307692307693,
8013,2011,1.7316666666666665,0.2875,1.1153846153846154,
8013,2012,-3.2258333333333336,-0.6675,2.4038461538461537,
8013,2013,-1.6183333333333334,0.22999999999999998,1.5849056603773586,
8013,2014,3.8658333333333332,0.42333333333333334,0.0,
8013,2015,4.626666666666666,0.10416666666666667,0.19230769230769232,
8013,2016,1.0258333333333336,-0.2750000000000001,1.0576923076923077,
8014,2000,-1.6191666666666666,-0.34833333333333333,0.40384615384615385,
8014,2001,-1.8308333333333333,-0.03916666666666666,0.0,
8014,2002,-4.7625,-0.5033333333333334,2.792452830188679,
8014,2003,-2.8683333333333336,-0.36999999999999994,1.6538461538461537,
8014,2004,-0.8141666666666665,0.30083333333333334,1.0769230769230769,
8014,2005,0.1575,-0.19499999999999998,0.038461538461538464,
8014,2006,-2.3416666666666663,-0.3266666666666667,1.5769230769230769,
8014,2007,-1.2233333333333334,0.013333333333333364,0.1346153846153846,
8014,2008,-1.3250000000000002,-0.24250000000000002,0.6226415094339622,
8014,2009,1.0666666666666667,0.2383333333333333,0.4230769230769231,
8014,2010,2.4066666666666667,-0.19499999999999998,0.6153846153846154,
8014,2011,1.7141666666666664,0.15749999999999997,1.1153846153846154,
8014,2012,-3.193333333333333,-0.7858333333333333,1.9038461538461537,
8014,2013,-1.6016666666666666,0.1466666666666667,1.528301886792453,
8014,2014,3.826666666666666,0.4641666666666666,0.0,
8014,2015,4.581666666666667,0.3266666666666667,0.09615384615384616,
8014,2016,1.0150000000000003,-0.35083333333333333,0.7884615384615384,
8015,2000,-0.805,-0.09749999999999998,0.4807692307692308,125.60499999999999
8015,2001,-0.07500000000000005,-0.1625,0.3076923076923077,51.723333333333336
8015,2002,-3.8941666666666666,-0.7975000000000002,3.4716981132075473,58.03399999999999
8015,2003,-3.2266666666666666,-0.375,3.576923076923077,66.48288659793812
8015,2004,0.16916666666666677,-0.09083333333333332,1.9038461538461537,0.0
8015,2005,0.44583333333333325,-0.1225,0.40384615384615385,
8015,2006,0.01750000000000007,0.06416666666666662,1.4423076923076923,47.68
8015,2007,1.1858333333333337,0.1633333333333333,0.038461538461538464,
8015,2008,-0.1958333333333334,0.006666666666666654,0.6226415094339622,
8015,2009,-0.34833333333333333,-0.13916666666666666,0.8076923076923077,0.0
8015,2010,0.04833333333333334,0.08666666666666663,0.34615384615384615,88.73
8015,2011,-3.06,-0.20916666666666664,1.2884615384615385,
8015,2012,-4.753333333333333,-0.7325,3.230769230769231,
8015,2013,-4.016666666666667,0.24249999999999997,2.5849056603773586,
8015,2014,-1.0933333333333335,0.18249999999999997,0.40384615384615385,
8015,2015,2.1166666666666667,0.09666666666666666,0.21153846153846154,
8015,2016,0.22750000000000004,-0.3316666666666666,0.2692307692307692,
8017,2000,-1.0516666666666667,-0.35833333333333334,0.6346153846153846,215.87
8017,2001,-0.48583333333333334,-0.14416666666666667,0.019230769230769232,
8017,2002,-3.6008333333333327,-0.5549999999999999,3.30188679245283,
8017,2003,-2.905,-0.5116666666666666,3.3461538461538463,
8017,2004,-1.1441666666666663,0.17833333333333334,3.0576923076923075,
8017,2005,-0.3900000000000001,-0.13249999999999998,1.0576923076923077,
8017,2006,-0.5358333333333333,0.020833333333333297,2.0961538461538463,
8017,2007,0.5441666666666666,-0.055833333333333346,0.5,
8017,2008,0.014166666666666605,0.0366666666666667,1.6981132075471699,
8017,2009,1.1408333333333334,0.31583333333333335,0.46153846153846156,
8017,2010,0.8075000000000001,-0.12999999999999998,0.4230769230769231,
8017,2011,-1.6124999999999998,-0.007500000000000007,2.4615384615384617,186.8
8017,2012,-4.206666666666666,-0.9474999999999999,3.4423076923076925,
8017,2013,-3.6816666666666666,-0.11333333333333334,4.584905660377358,
8017,2014,-0.8500000000000001,0.11416666666666668,3.576923076923077,
8017,2015,1.9341666666666668,0.09000000000000001,1.2115384615384615,
8017,2016,0.5491666666666667,-0.3741666666666667,0.7115384615384616,
8019,2000,-1.6466666666666667,-0.057500000000000016,0.5384615384615384,
8019,2001,-1.8633333333333333,-0.1825,0.019230769230769232,
8019,2002,-4.824166666666666,-0.7050000000000001,3.188679245283019,
8019,2003,-2.9083333333333337,-0.014166666666666687,2.230769230769231,
8019,2004,-0.8316666666666667,0.15666666666666665,1.7115384615384615,
8019,2005,0.17250000000000007,-0.013333333333333345,0.15384615384615385,
8019,2006,-2.3375,0.04499999999999995,0.9230769230769231,
8019,2007,-1.2249999999999999,0.03833333333333331,0.019230769230769232,
8019,2008,-1.325,0.12249999999999998,0.5849056603773585,
8019,2009,1.065,0.06333333333333334,0.4807692307692308,
8019,2010,2.4074999999999998,-0.0016666666666666542,0.9615384615384616,
8019,2011,1.7233333333333334,0.29250000000000004,0.8269230769230769,
8019,2012,-3.230833333333333,-0.5508333333333334,2.6923076923076925,
8019,2013,-1.6274999999999997,0.2875,1.9622641509433962,
8019,2014,3.839166666666666,0.46916666666666673,0.0,
8019,2015,4.586666666666668,0.15666666666666665,0.19230769230769232,
8019,2016,1.0116666666666672,-0.16333333333333333,0.6538461538461539,
8021,2000,-1.5524999999999995,-0.24999999999999997,0.7307692307692307,
8021,2001,0.03416666666666671,-0.11583333333333334,0.25,
8021,2002,-5.486666666666667,-0.7716666666666666,3.830188679245283,
8021,2003,-5.354166666666667,-0.30500000000000005,4.0,
8021,2004,-1.7025,0.04750000000000001,2.3846153846153846,9.29
8021,2005,-0.029999999999999916,-0.015000000000000032,1.25,18.740000000000002
8021,2006,-0.5616666666666669,0.18249999999999997,2.1153846153846154,
8021,2007,2.2808333333333333,0.135,0.6923076923076923,
8021,2008,-0.15583333333333318,0.14666666666666667,0.5849056603773585,
8021,2009,-0.0041666666666666545,-0.006666666666666686,0.5,
8021,2010,-0.79,-0.14166666666666664,0.5961538461538461,
8021,2011,-3.1425,-0.3383333333333334,3.3076923076923075,0.0
8021,2012,-4.6175,-0.7066666666666667,2.8846153846153846,21.144999999999996
8021,2013,-2.2625000000000006,-0.0008333333333333063,2.6792452830188678,
8021,2014,-0.5341666666666667,-0.4583333333333333,1.8653846153846154,
8021,2015,-0.20666666666666667,0.12583333333333335,1.0961538461538463,
8021,2016,-0.5691666666666667,-0.1825,0.6346153846153846,
8023,2000,-1.5175,-0.28833333333333333,0.7692307692307693,
8023,2001,0.06416666666666669,-0.255,0.34615384615384615,125.18
8023,2002,-5.434166666666667,-0.6749999999999999,4.0754716981132075,
8023,2003,-5.306666666666667,-0.03583333333333335,4.211538461538462,23.58
8023,2004,-1.6458333333333333,0.10000000000000002,2.5,0.71
8023,2005,-0.030833333333333306,-0.023333333333333317,1.1730769230769231,7.97
8023,2006,-0.5533333333333331,0.044999999999999984,2.076923076923077,
8023,2007,2.2708333333333335,0.2883333333333334,0.4423076923076923,
8023,2008,-0.15666666666666665,0.04583333333333334,0.6037735849056604,
8023,2009,-0.01166666666666668,-0.2775,0.40384615384615385,
8023,2010,-0.7733333333333334,-0.11249999999999999,0.6923076923076923,
8023,2011,-3.181666666666667,-0.42749999999999994,3.3846153846153846,
8023,2012,-4.6325,-0.7841666666666667,2.8461538461538463,
8023,2013,-2.315,0.09999999999999999,3.018867924528302,
8023,2014,-0.5700000000000001,-0.2766666666666666,1.6538461538461537,
8023,2015,-0.14500000000000002,-0.06999999999999999,0.8269230769230769,-999999.0
8023,2016,-0.5475,-0.17166666666666672,0.6538461538461539,
8025,2000,-0.8133333333333334,-0.2225,0.38461538461538464,
8025,2001,-0.07416666666666664,-0.048333333333333346,0.3076923076923077,
8025,2002,-3.9324999999999997,-0.9025000000000002,3.5660377358490565,
8025,2003,-3.26,-0.8608333333333333,3.7115384615384617,
8025,2004,0.17083333333333314,0.07750000000000001,2.25,13.26
8025,2005,0.4491666666666667,-0.3691666666666667,0.7307692307692307,
8025,2006,0.019999999999999907,0.006666666666666672,2.1923076923076925,
8025,2007,1.2,-0.12750000000000003,0.07692307692307693,
8025,2008,-0.19583333333333333,-0.13166666666666668,1.6037735849056605,
8025,2009,-0.35166666666666685,-0.11583333333333336,0.75,
8025,2010,0.048333333333333416,-0.18416666666666667,0.5769230769230769,
8025,2011,-3.0908333333333338,-0.3249999999999999,3.480769230769231,
8025,2012,-4.801666666666667,-1.3225,4.038461538461538,
8025,2013,-4.0575,-0.515,5.0,
8025,2014,-1.104166666666667,-0.054999999999999986,4.365384615384615,
8025,2015,2.1374999999999997,-0.17916666666666667,1.3846153846153846,-999999.0
8025,2016,0.2291666666666667,-0.18083333333333332,0.75,
8027,2000,-0.8133333333333334,-0.3016666666666667,0.3076923076923077,
8027,2001,-0.07416666666666664,-0.16416666666666666,0.3076923076923077,
8027,2002,-3.9324999999999997,-0.7983333333333332,3.849056603773585,273.5
8027,2003,-3.26,-0.11583333333333334,4.0,100.0
8027,2004,0.17083333333333314,0.10583333333333339,1.7884615384615385,40.9
8027,2005,0.4491666666666667,-0.1333333333333334,0.7692307692307693,
8027,2006,0.019999999999999907,0.1208333333333334,2.0961538461538463,285.94
8027,2007,1.2,0.20999999999999996,0.15384615384615385,0.0
8027,2008,-0.19583333333333333,-0.04166666666666665,0.7358490566037735,
8027,2009,-0.35166666666666685,0.009999999999999972,0.9807692307692307,50.03
8027,2010,0.048333333333333416,-0.39250000000000007,0.6730769230769231,88.71
8027,2011,-3.0908333333333338,-0.33666666666666667,3.076923076923077,59.807567567567574
8027,2012,-4.801666666666667,-0.7899999999999999,3.0576923076923075,54.873333333333335
8027,2013,-4.0575,0.04666666666666666,3.0,
8027,2014,-1.104166666666667,0.05833333333333334,0.46153846153846156,
8027,2015,2.1374999999999997,0.17416666666666666,0.0,
8027,2016,0.2291666666666667,-0.2874999999999999,0.6346153846153846,-499977.745
8029,2000,-2.6858333333333335,-0.37000000000000005,0.6923076923076923,
8029,2001,-3.2558333333333334,-0.44083333333333335,0.38461538461538464,502.56
8029,2002,-6.155,-0.7783333333333334,3.509433962264151,
8029,2003,-4.026666666666667,-0.6766666666666666,3.6923076923076925,
8029,2004,-1.7225000000000001,-0.051666666666666604,2.9038461538461537,
8029,2005,1.4841666666666666,0.07666666666666667,0.4423076923076923,
8029,2006,0.2641666666666668,-0.14583333333333331,0.7115384615384616,
8029,2007,-0.1416666666666667,-0.21416666666666664,1.0384615384615385,
8029,2008,-0.07499999999999997,-0.08416666666666668,0.1320754716981132,
8029,2009,-0.23833333333333329,-0.38666666666666655,0.5961538461538461,
8029,2010,-0.0025000000000000022,0.19833333333333336,0.1346153846153846,
8029,2011,0.8141666666666668,-0.1125,0.0,
8029,2012,-3.555,-0.7624999999999998,2.8846153846153846,
8029,2013,-2.499166666666667,0.0375,2.641509433962264,
8029,2014,1.1125,-0.03166666666666668,0.7115384615384616,
8029,2015,0.7358333333333333,0.17833333333333337,0.9615384615384616,
8029,2016,-0.43583333333333335,-0.21916666666666665,0.15384615384615385,
8031,2000,-1.6358333333333333,-0.23833333333333337,0.28846153846153844,
8031,2001,-1.8499999999999999,-0.030000000000000013,0.0,
8031,2002,-4.810833333333333,-0.6166666666666667,3.1132075471698113,
8031,2003,-2.8975000000000004,-0.4391666666666667,2.1153846153846154,
8031,2004,-0.8224999999999997,0.09750000000000004,1.2884615384615385,76.37499999999999
8031,2005,0.15916666666666662,-0.26666666666666666,0.057692307692307696,43.39
8031,2006,-2.3641666666666667,-0.38499999999999995,1.7692307692307692,
8031,2007,-1.2358333333333331,-0.01250000000000003,0.2692307692307692,
8031,2008,-1.3383333333333332,-0.3458333333333334,1.0566037735849056,
8031,2009,1.0775,0.21083333333333334,0.4230769230769231,
8031,2010,2.430833333333333,-0.3733333333333333,0.6153846153846154,
8031,2011,1.7316666666666665,0.11916666666666664,1.1923076923076923,
8031,2012,-3.2258333333333336,-0.7374999999999999,1.8461538461538463,
8031,2013,-1.6183333333333334,0.12749999999999997,1.7547169811320755,
8031,2014,3.8658333333333332,0.3916666666666666,0.0,
8031,2015,4.626666666666666,0.36000000000000004,0.09615384615384616,205.66
8031,2016,1.0258333333333336,-0.34583333333333327,0.6730769230769231,
8033,2000,-2.6858333333333335,-0.4091666666666666,0.8653846153846154,
8033,2001,-3.2558333333333334,-0.4708333333333334,0.25,
8033,2002,-6.155,-1.0383333333333333,3.7735849056603774,
8033,2003,-4.026666666666667,-0.4883333333333333,4.0576923076923075,
8033,2004,-1.7225000000000001,-0.11916666666666671,3.230769230769231,
8033,2005,1.4841666666666666,-0.012499999999999983,0.36538461538461536,
8033,2006,0.2641666666666668,-0.11666666666666663,1.4807692307692308,
8033,2007,-0.1416666666666667,-0.09999999999999998,1.6153846153846154,
8033,2008,-0.07499999999999997,-0.03999999999999998,0.11320754716981132,
8033,2009,-0.23833333333333329,-0.365,0.75,
8033,2010,-0.0025000000000000022,0.19666666666666668,0.46153846153846156,
8033,2011,0.8141666666666668,-0.23500000000000001,0.28846153846153844,
8033,2012,-3.555,-0.7808333333333334,2.4423076923076925,
8033,2013,-2.499166666666667,-0.11166666666666669,2.509433962264151,
8033,2014,1.1125,-0.27166666666666667,2.1923076923076925,
8033,2015,0.7358333333333333,0.2191666666666667,1.0384615384615385,
8033,2016,-0.43583333333333335,-0.12333333333333334,0.5,
8035,2000,-1.6358333333333333,-0.13833333333333334,0.3076923076923077,494.50200000000007
8035,2001,-1.8499999999999999,-0.1691666666666667,0.0,612.598888888889
8035,2002,-4.810833333333333,-0.5383333333333334,3.2830188679245285,1135.025714285714
8035,2003,-2.8975000000000004,-0.22583333333333336,2.423076923076923,324.0
8035,2004,-0.8224999999999997,0.325,1.4423076923076923,
8035,2005,0.15916666666666662,-0.09000000000000001,0.3076923076923077,902.1671428571427
8035,2006,-2.3641666666666667,-0.009166666666666656,1.5769230769230769,495.06666666666666
8035,2007,-1.2358333333333331,0.1141666666666667,0.17307692307692307,416.41
8035,2008,-1.3383333333333332,-0.11583333333333333,1.169811320754717,
8035,2009,1.0775,0.2641666666666666,0.4230769230769231,293.655
8035,2010,2.430833333333333,-0.35083333333333333,0.5961538461538461,719.99
8035,2011,1.7316666666666665,0.14333333333333334,1.8076923076923077,264.34117647058827
8035,2012,-3.2258333333333336,-0.6649999999999999,2.3461538461538463,683.75
8035,2013,-1.6183333333333334,0.02250000000000001,2.3962264150943398,654.725
8035,2014,3.8658333333333332,0.43,0.17307692307692307,760.6666666666666
8035,2015,4.626666666666666,0.46416666666666656,0.15384615384615385,839.0130000000001
8035,2016,1.0258333333333336,-0.32249999999999995,0.6730769230769231,1023.7272727272727
8037,2000,-2.6858333333333335,-0.09666666666666666,0.5961538461538461,
8037,2001,-3.2558333333333334,-0.30583333333333335,0.07692307692307693,
8037,2002,-6.155,-0.7208333333333333,3.358490566037736,
8037,2003,-4.026666666666667,-0.19416666666666668,3.0961538461538463,40.31813084112149
8037,2004,-1.7225000000000001,-0.1675,1.8461538461538463,
8037,2005,1.4841666666666666,0.2175,0.38461538461538464,
8037,2006,0.2641666666666668,-0.065,0.5384615384615384,
8037,2007,-0.1416666666666667,-0.14500000000000002,0.5384615384615384,
8037,2008,-0.07499999999999997,0.20999999999999996,0.11320754716981132,
8037,2009,-0.23833333333333329,-0.03666666666666666,0.5769230769230769,
8037,2010,-0.0025000000000000022,0.12666666666666668,1.1153846153846154,2.31
8037,2011,0.8141666666666668,0.09749999999999999,0.0,9.165
8037,2012,-3.555,-0.6641666666666667,2.980769230769231,
8037,2013,-2.499166666666667,0.13166666666666663,2.5283018867924527,
8037,2014,1.1125,0.37000000000000005,0.17307692307692307,
8037,2015,0.7358333333333333,-0.22083333333333333,1.0384615384615385,
8037,2016,-0.43583333333333335,-0.20249999999999999,0.2692307692307692,
8039,2000,-1.3849999999999998,-0.012499999999999992,0.36538461538461536,6.3
8039,2001,-1.2899999999999998,0.05083333333333335,0.0,
8039,2002,-4.5625,-0.6016666666666666,3.207547169811321,8.27
8039,2003,-3.0383333333333327,-0.17833333333333334,3.019230769230769,48.2
8039,2004,-0.5316666666666665,0.10833333333333332,2.3461538461538463,74.038
8039,2005,0.23583333333333345,-0.1383333333333333,0.6346153846153846,
8039,2006,-1.6141666666666665,-0.20333333333333323,2.1346153846153846,
8039,2007,-0.4575,0.055833333333333346,0.17307692307692307,
8039,2008,-0.9700000000000001,-0.10416666666666663,1.320754716981132,
8039,2009,0.6475000000000001,0.355,0.5192307692307693,
8039,2010,1.6850000000000003,-0.31749999999999995,0.5961538461538461,
8039,2011,0.1891666666666667,-0.014999999999999994,1.9230769230769231,
8039,2012,-3.765,-0.7166666666666668,2.730769230769231,
8039,2013,-2.4324999999999997,0.14999999999999997,3.452830188679245,
8039,2014,2.2716666666666665,0.27999999999999997,1.3076923076923077,
8039,2015,3.845833333333333,0.4025,0.09615384615384616,
8039,2016,0.7799999999999999,-0.1566666666666667,0.9807692307692307,337.4
8041,2000,-0.8533333333333334,-0.028333333333333346,0.28846153846153844,71.90200000000002
8041,2001,-0.1633333333333333,-0.04166666666666666,0.0,43.41
8041,2002,-3.9775000000000005,-0.7441666666666666,3.3207547169811322,53.4
8041,2003,-3.2425,-0.3925,3.3653846153846154,551.0
8041,2004,0.12249999999999994,0.16999999999999996,2.0384615384615383,46.81666666666666
8041,2005,0.4333333333333334,-0.19666666666666666,0.5961538461538461,47.39
8041,2006,-0.10000000000000016,-0.15999999999999998,2.019230769230769,457.4644444444444
8041,2007,1.0783333333333334,-0.17833333333333332,0.11538461538461539,46.268
8041,2008,-0.25416666666666665,-0.15916666666666665,1.1886792452830188,457.41
8041,2009,-0.28083333333333343,0.13916666666666666,0.7307692307692307,256.4
8041,2010,0.16833333333333333,-0.43500000000000005,0.6538461538461539,138.83666666666667
8041,2011,-2.8491666666666666,-0.11583333333333333,3.269230769230769,279.1425
8041,2012,-4.721666666666668,-1.0533333333333332,3.5384615384615383,
8041,2013,-3.935,0.07833333333333335,4.283018867924528,837.0800000000002
8041,2014,-0.855,0.11666666666666664,2.3076923076923075,187.1825
8041,2015,2.2616666666666667,0.3716666666666666,0.6730769230769231,-666654.49
8041,2016,0.2691666666666666,-0.19833333333333336,0.9038461538461539,385.2372413793104
8043,2000,-0.8133333333333334,-0.225,0.3076923076923077,
8043,2001,-0.07416666666666664,-0.1958333333333333,0.3076923076923077,
8043,2002,-3.9324999999999997,-0.7208333333333332,3.7169811320754715,
8043,2003,-3.26,-0.46,3.8461538461538463,
8043,2004,0.17083333333333314,0.10416666666666667,2.2115384615384617,
8043,2005,0.4491666666666667,-0.19083333333333333,0.7692307692307693,
8043,2006,0.019999999999999907,0.16749999999999998,2.1153846153846154,
8043,2007,1.2,0.1208333333333333,0.19230769230769232,
8043,2008,-0.19583333333333333,-0.19666666666666663,1.169811320754717,
8043,2009,-0.35166666666666685,0.11416666666666668,0.9615384615384616,
8043,2010,0.048333333333333416,-0.35333333333333333,0.7115384615384616,
8043,2011,-3.0908333333333338,-0.2333333333333334,3.3076923076923075,
8043,2012,-4.801666666666667,-0.8741666666666666,3.076923076923077,
8043,2013,-4.0575,0.08333333333333333,3.1132075471698113,
8043,2014,-1.104166666666667,0.05833333333333333,0.5192307692307693,
8043,2015,2.1374999999999997,0.23666666666666672,0.21153846153846154,
8043,2016,0.2291666666666667,-0.29083333333333333,0.5961538461538461,
8045,2000,-2.6858333333333335,-0.30916666666666665,0.6923076923076923,
8045,2001,-3.2558333333333334,-0.4241666666666666,0.38461538461538464,
8045,2002,-6.155,-0.7983333333333333,3.4716981132075473,
8045,2003,-4.026666666666667,-0.4683333333333333,4.0,
8045,2004,-1.7225000000000001,-0.02500000000000002,3.9038461538461537,
8045,2005,1.4841666666666666,0.3358333333333334,2.230769230769231,
8045,2006,0.2641666666666668,-0.08083333333333333,1.0769230769230769,
8045,2007,-0.1416666666666667,-0.36833333333333335,1.1346153846153846,
8045,2008,-0.07499999999999997,-0.006666666666666682,0.41509433962264153,
8045,2009,-0.23833333333333329,-0.16583333333333336,0.7307692307692307,
8045,2010,-0.0025000000000000022,0.04666666666666666,1.0769230769230769,
8045,2011,0.8141666666666668,0.08083333333333333,0.0,
8045,2012,-3.555,-0.8374999999999999,3.3076923076923075,
8045,2013,-2.499166666666667,-0.056666666666666705,2.830188679245283,
8045,2014,1.1125,0.1791666666666667,0.34615384615384615,
8045,2015,0.7358333333333333,-0.024166666666666687,1.2884615384615385,
8045,2016,-0.43583333333333335,-0.1825,0.3076923076923077,
8047,2000,-1.6358333333333333,-0.09166666666666669,0.5,
8047,2001,-1.8499999999999999,-0.18666666666666665,0.019230769230769232,
8047,2002,-4.810833333333333,-0.7049999999999997,3.0754716981132075,
8047,2003,-2.8975000000000004,-0.013333333333333308,1.9423076923076923,
8047,2004,-0.8224999999999997,0.205,1.2884615384615385,
8047,2005,0.15916666666666662,-0.025833333333333347,0.0,
8047,2006,-2.3641666666666667,-0.09166666666666672,0.9230769230769231,
8047,2007,-1.2358333333333331,0.009166666666666675,0.019230769230769232,
8047,2008,-1.3383333333333332,0.05416666666666667,0.5849056603773585,
8047,2009,1.0775,0.09000000000000001,0.4807692307692308,
8047,2010,2.430833333333333,-0.06166666666666667,0.5576923076923077,
8047,2011,1.7316666666666665,0.3491666666666667,0.6538461538461539,
8047,2012,-3.2258333333333336,-0.6025,2.0384615384615383,
8047,2013,-1.6183333333333334,0.29666666666666663,1.4528301886792452,
8047,2014,3.8658333333333332,0.47083333333333327,0.0,
8047,2015,4.626666666666666,0.1416666666666667,0.19230769230769232,
8047,2016,1.0258333333333336,-0.19333333333333327,0.6538461538461539,
8049,2000,-2.6750000000000003,-0.07500000000000002,0.5576923076923077,
8049,2001,-3.2424999999999997,-0.4908333333333333,0.038461538461538464,
8049,2002,-6.141666666666667,-0.6441666666666667,3.188679245283019,
8049,2003,-4.015833333333333,0.019166666666666683,2.5961538461538463,
8049,2004,-1.7133333333333336,0.03249999999999997,1.7884615384615385,0.0
8049,2005,1.470833333333333,0.09000000000000001,0.3076923076923077,
8049,2006,0.23750000000000004,-0.16249999999999995,1.0769230769230769,
8049,2007,-0.15249999999999997,-0.07749999999999997,0.2692307692307692,
8049,2008,-0.08833333333333336,0.18166666666666664,0.1320754716981132,
8049,2009,-0.22583333333333333,-0.03166666666666668,0.7115384615384616,
8049,2010,0.020833333333333332,0.1325,0.9807692307692307,
8049,2011,0.8224999999999999,0.32416666666666655,0.09615384615384616,3.482
8049,2012,-3.5499999999999994,-0.6933333333333334,3.019230769230769,
8049,2013,-2.4900000000000007,0.1875,2.1132075471698113,
8049,2014,1.1391666666666667,0.4691666666666667,0.0,
8049,2015,0.7758333333333333,-0.30416666666666664,0.9038461538461539,
8049,2016,-0.4216666666666667,-0.1975,0.7115384615384616,
8051,2000,-2.6858333333333335,-0.235,0.6923076923076923,
8051,2001,-3.2558333333333334,-0.21083333333333332,0.38461538461538464,
8051,2002,-6.155,-0.8241666666666667,3.6226415094339623,
8051,2003,-4.026666666666667,-0.2758333333333333,3.6923076923076925,
8051,2004,-1.7225000000000001,-0.2158333333333333,2.1346153846153846,
8051,2005,1.4841666666666666,0.15583333333333335,0.4423076923076923,
8051,2006,0.2641666666666668,2.7755575615628914e-17,1.5,
8051,2007,-0.1416666666666667,-0.15166666666666673,0.5576923076923077,
8051,2008,-0.07499999999999997,0.14416666666666667,0.49056603773584906,
8051,2009,-0.23833333333333329,-0.10500000000000002,0.6538461538461539,
8051,2010,-0.0025000000000000022,0.055833333333333346,0.15384615384615385,
8051,2011,0.8141666666666668,-0.165,0.5192307692307693,6.995
8051,2012,-3.555,-0.7675,3.3076923076923075,
8051,2013,-2.499166666666667,0.04,2.7547169811320753,
8051,2014,1.1125,0.10083333333333337,0.40384615384615385,
8051,2015,0.7358333333333333,-0.07333333333333335,1.1538461538461537,
8051,2016,-0.43583333333333335,-0.23499999999999996,0.28846153846153844,
8053,2000,-2.3541666666666665,-0.23916666666666664,0.6538461538461539,
8053,2001,-2.293333333333333,-0.21583333333333324,0.36538461538461536,
8053,2002,-5.960000000000001,-0.9891666666666666,3.792452830188679,
8053,2003,-4.416666666666667,-0.32,3.6923076923076925,
8053,2004,-1.7158333333333333,-0.049999999999999996,2.0576923076923075,
8053,2005,1.0391666666666663,-0.145,0.38461538461538464,
8053,2006,0.02333333333333328,0.15416666666666667,1.5769230769230769,
8053,2007,0.5675,0.13500000000000004,0.5,
8053,2008,-0.09833333333333334,-0.07000000000000002,0.20754716981132076,
8053,2009,-0.1691666666666667,-0.2708333333333333,0.6730769230769231,
8053,2010,-0.2325,-0.0625,0.4423076923076923,
8053,2011,-0.345,-0.21499999999999997,0.6538461538461539,
8053,2012,-3.866666666666667,-0.69,2.5,
8053,2013,-2.4291666666666667,-0.12166666666666659,2.69811320754717,
8053,2014,0.6291666666666668,-0.12833333333333338,1.4038461538461537,
8053,2015,0.46083333333333326,-0.024166666666666687,1.0,
8053,2016,-0.47500000000000003,-0.20166666666666666,0.5961538461538461,
8055,2000,-0.8133333333333334,-0.3325000000000001,0.4423076923076923,
8055,2001,-0.07416666666666664,-0.36833333333333335,0.34615384615384615,
8055,2002,-3.9324999999999997,-0.7774999999999999,3.849056603773585,
8055,2003,-3.26,-0.15083333333333335,4.25,
8055,2004,0.17083333333333314,0.21250000000000002,2.480769230769231,
8055,2005,0.4491666666666667,0.09583333333333342,0.8076923076923077,
8055,2006,0.019999999999999907,-0.08833333333333337,2.3846153846153846,
8055,2007,1.2,0.09083333333333334,0.19230769230769232,
8055,2008,-0.19583333333333333,0.03416666666666665,1.169811320754717,
8055,2009,-0.35166666666666685,-0.115,0.8076923076923077,
8055,2010,0.048333333333333416,-0.29416666666666663,0.75,
8055,2011,-3.0908333333333338,-0.2708333333333333,3.5576923076923075,
8055,2012,-4.801666666666667,-0.9458333333333333,3.5576923076923075,
8055,2013,-4.0575,0.06333333333333337,4.0,
8055,2014,-1.104166666666667,-0.009166666666666694,1.4230769230769231,
8055,2015,2.1374999999999997,0.1283333333333333,0.4807692307692308,
8055,2016,0.2291666666666667,-0.2891666666666666,0.6923076923076923,
8057,2000,-1.6466666666666667,-0.07166666666666667,0.5192307692307693,
8057,2001,-1.8633333333333333,-0.5108333333333334,0.5192307692307693,
8057,2002,-4.824166666666666,-0.4741666666666667,3.358490566037736,
8057,2003,-2.9083333333333337,0.085,2.8076923076923075,
8057,2004,-0.8316666666666667,0.10249999999999998,2.5961538461538463,
8057,2005,0.17250000000000007,0.10666666666666665,0.8076923076923077,
8057,2006,-2.3375,-0.13833333333333334,1.0576923076923077,
8057,2007,-1.2249999999999999,-0.09083333333333331,0.6153846153846154,
8057,2008,-1.325,0.13333333333333333,0.09433962264150944,
8057,2009,1.065,0.09833333333333334,0.36538461538461536,
8057,2010,2.4074999999999998,0.10000000000000002,0.8269230769230769,
8057,2011,1.7233333333333334,0.2833333333333334,0.0,
8057,2012,-3.230833333333333,-0.7499999999999999,3.2115384615384617,
8057,2013,-1.6274999999999997,-0.005000000000000026,2.7735849056603774,
8057,2014,3.839166666666666,0.5158333333333333,0.019230769230769232,
8057,2015,4.586666666666668,-0.17583333333333329,0.7884615384615384,
8057,2016,1.0116666666666672,-0.13333333333333333,0.6730769230769231,
8059,2000,-1.6358333333333333,-0.20083333333333328,0.34615384615384615,
8059,2001,-1.8499999999999999,-0.13583333333333333,0.0,
8059,2002,-4.810833333333333,-0.6066666666666666,3.2830188679245285,
8059,2003,-2.8975000000000004,-0.295,2.423076923076923,
8059,2004,-0.8224999999999997,0.30416666666666664,1.4038461538461537,
8059,2005,0.15916666666666662,-0.12333333333333336,0.17307692307692307,
8059,2006,-2.3641666666666667,-0.045000000000000005,1.4038461538461537,
8059,2007,-1.2358333333333331,0.043333333333333335,0.057692307692307696,
8059,2008,-1.3383333333333332,-0.12166666666666669,0.6981132075471698,
8059,2009,1.0775,0.20333333333333337,0.5192307692307693,
8059,2010,2.430833333333333,-0.24333333333333332,0.6153846153846154,
8059,2011,1.7316666666666665,0.20833333333333334,1.8076923076923077,
8059,2012,-3.2258333333333336,-0.6291666666666668,2.3461538461538463,
8059,2013,-1.6183333333333334,0.1825,2.3962264150943398,
8059,2014,3.8658333333333332,0.4575,0.17307692307692307,
8059,2015,4.626666666666666,0.39916666666666667,0.15384615384615385,
8059,2016,1.0258333333333336,-0.28500000000000003,0.8653846153846154,
8061,2000,-0.8858333333333333,-0.38333333333333336,0.6730769230769231,201.35
8061,2001,-0.1975,-0.14583333333333331,0.15384615384615385,
8061,2002,-3.83,-0.47583333333333333,3.30188679245283,
8061,2003,-3.151666666666667,-0.47666666666666674,3.6153846153846154,
8061,2004,-0.22916666666666666,0.22749999999999995,2.6153846153846154,
8061,2005,0.19416666666666663,-0.10833333333333334,0.8269230769230769,
8061,2006,-0.14916666666666664,0.18416666666666667,2.1153846153846154,
8061,2007,1.0016666666666665,-0.025000000000000012,0.5,
8061,2008,-0.1324999999999999,-0.07249999999999998,1.8113207547169812,
8061,2009,0.10416666666666667,0.15833333333333335,0.5576923076923077,
8061,2010,0.2800000000000001,-0.12583333333333332,0.5576923076923077,
8061,2011,-2.641666666666666,-0.11250000000000003,3.269230769230769,167.28
8061,2012,-4.621666666666667,-0.9583333333333334,4.038461538461538,
8061,2013,-3.944166666666666,-0.18083333333333332,5.0,
8061,2014,-1.0275,0.08666666666666667,4.365384615384615,
8061,2015,2.0749999999999997,0.085,1.4423076923076923,154.65
8061,2016,0.32583333333333336,-0.3391666666666666,0.8461538461538461,
8063,2000,-1.3316666666666668,-0.09666666666666668,1.0,171.0375
8063,2001,-0.9708333333333333,-0.12833333333333335,0.07692307692307693,165.074
8063,2002,-3.2091666666666665,-0.6491666666666667,3.188679245283019,222.26
8063,2003,-2.49,-0.44083333333333324,3.1346153846153846,
8063,2004,-2.69,-0.06916666666666667,3.480769230769231,184.73
8063,2005,-1.375,-0.26583333333333337,1.8461538461538463,
8063,2006,-1.1900000000000002,-0.2383333333333333,2.25,218.32
8063,2007,-0.22666666666666668,-0.055000000000000014,0.5,198.14285714285714
8063,2008,0.2591666666666666,0.05333333333333332,1.3396226415094339,166.09909090909093
8063,2009,2.8958333333333335,0.36999999999999994,0.38461538461538464,159.45285714285714
8063,2010,1.6991666666666665,-0.13083333333333333,0.4807692307692308,173.94400000000002
8063,2011,0.12583333333333332,0.14,1.2115384615384615,189.21208333333334
8063,2012,-3.5124999999999997,-0.8625000000000002,2.8461538461538463,
8063,2013,-3.2416666666666667,0.05083333333333334,4.056603773584905,
8063,2014,-0.5508333333333333,0.20083333333333334,2.1923076923076925,158.5
8063,2015,1.6950000000000003,0.24750000000000003,0.6153846153846154,166.66666666666666
8063,2016,0.9233333333333333,-0.245,0.6923076923076923,
8065,2000,-0.84,0.05666666666666665,0.5,5.785
8065,2001,-0.12333333333333335,-0.08166666666666665,0.019230769230769232,
8065,2002,-3.9633333333333334,-0.7158333333333333,3.3207547169811322,
8065,2003,-3.265,-0.1975,2.9038461538461537,
8065,2004,0.14333333333333334,-0.1583333333333333,1.6923076923076923,
8065,2005,0.4558333333333331,0.0033333333333333084,0.34615384615384615,
8065,2006,-0.001666666666666557,-0.03666666666666664,0.6538461538461539,
8065,2007,1.1624999999999999,0.006666666666666672,0.0,
8065,2008,-0.20583333333333328,0.1441666666666667,0.1320754716981132,
8065,2009,-0.33499999999999996,0.09416666666666666,0.5192307692307693,
8065,2010,0.07166666666666661,0.1625,0.40384615384615385,
8065,2011,-3.004166666666666,0.12333333333333336,0.1346153846153846,
8065,2012,-4.774166666666666,-0.5883333333333334,2.923076923076923,
8065,2013,-4.017500000000001,0.3558333333333334,2.2452830188679247,
8065,2014,-1.0316666666666667,0.39250000000000007,0.17307692307692307,
8065,2015,2.1475,-0.03749999999999997,0.2692307692307692,
8065,2016,0.23083333333333333,-0.14499999999999996,0.17307692307692307,
8067,2000,-2.6858333333333335,-0.3558333333333333,0.8076923076923077,
8067,2001,-3.2558333333333334,-0.31,0.23076923076923078,
8067,2002,-6.155,-1.0041666666666667,3.792452830188679,
8067,2003,-4.026666666666667,-0.42749999999999994,3.826923076923077,98.58
8067,2004,-1.7225000000000001,-0.0016666666666666312,2.0961538461538463,
8067,2005,1.4841666666666666,-0.013333333333333336,0.5576923076923077,
8067,2006,0.2641666666666668,-0.18000000000000002,2.1153846153846154,
8067,2007,-0.1416666666666667,-0.145,1.7884615384615385,
8067,2008,-0.07499999999999997,0.033333333333333305,0.11320754716981132,
8067,2009,-0.23833333333333329,-0.3758333333333333,0.8076923076923077,
8067,2010,-0.0025000000000000022,0.07666666666666667,0.5961538461538461,
8067,2011,0.8141666666666668,-0.3441666666666668,0.6923076923076923,
8067,2012,-3.555,-0.9308333333333335,2.173076923076923,
8067,2013,-2.499166666666667,-0.14750000000000005,2.811320754716981,
8067,2014,1.1125,-0.40833333333333327,2.923076923076923,
8067,2015,0.7358333333333333,0.17666666666666664,1.8269230769230769,
8067,2016,-0.43583333333333335,-0.12500000000000003,0.7692307692307693,
8069,2000,-1.6358333333333333,-0.2841666666666667,0.5192307692307693,
8069,2001,-1.8499999999999999,-0.40666666666666657,0.21153846153846154,
8069,2002,-4.810833333333333,-0.5058333333333334,3.169811320754717,
8069,2003,-2.8975000000000004,-0.17499999999999993,2.4038461538461537,
8069,2004,-0.8224999999999997,0.17499999999999996,2.0576923076923075,
8069,2005,0.15916666666666662,-0.13749999999999998,0.36538461538461536,17.35
8069,2006,-2.3641666666666667,-0.3558333333333333,1.9807692307692308,25.6
8069,2007,-1.2358333333333331,-0.13083333333333333,0.9423076923076923,
8069,2008,-1.3383333333333332,-0.09666666666666668,0.5471698113207547,
8069,2009,1.0775,0.2041666666666667,0.38461538461538464,
8069,2010,2.430833333333333,0.002500000000000007,0.7692307692307693,
8069,2011,1.7316666666666665,0.19833333333333333,1.0,
8069,2012,-3.2258333333333336,-0.8875000000000001,2.75,
8069,2013,-1.6183333333333334,0.17166666666666663,1.7358490566037736,
8069,2014,3.8658333333333332,0.4466666666666666,0.0,
8069,2015,4.626666666666666,0.04750000000000001,0.28846153846153844,
8069,2016,1.0258333333333336,-0.29333333333333333,1.0576923076923077,
8071,2000,-0.8133333333333334,-0.38666666666666666,0.8269230769230769,
8071,2001,-0.07416666666666664,-0.285,0.4807692307692308,
8071,2002,-3.9324999999999997,-0.48166666666666663,3.9056603773584904,
8071,2003,-3.26,-0.3783333333333334,4.25,
8071,2004,0.17083333333333314,0.14583333333333334,2.9038461538461537,
8071,2005,0.4491666666666667,0.0066666666666667,0.9038461538461539,
8071,2006,0.019999999999999907,-0.06333333333333324,2.5576923076923075,
8071,2007,1.2,-0.2166666666666667,0.6153846153846154,
8071,2008,-0.19583333333333333,-0.10499999999999998,2.452830188679245,
8071,2009,-0.35166666666666685,-0.11916666666666666,0.9807692307692307,
8071,2010,0.048333333333333416,-0.011666666666666678,0.5769230769230769,
8071,2011,-3.0908333333333338,-0.3383333333333334,3.519230769230769,
8071,2012,-4.801666666666667,-1.0858333333333334,3.9038461538461537,
8071,2013,-4.0575,-0.20500000000000004,5.0,
8071,2014,-1.104166666666667,-0.10416666666666669,4.0576923076923075,
8071,2015,2.1374999999999997,0.14666666666666664,1.2307692307692308,
8071,2016,0.2291666666666667,-0.32916666666666666,0.8846153846153846,
8073,2000,-0.9591666666666665,-0.06083333333333335,0.4230769230769231,
8073,2001,-0.3333333333333333,0.12166666666666665,0.0,
8073,2002,-3.77,-0.5591666666666666,3.0943396226415096,
8073,2003,-3.059166666666666,-0.4749999999999999,3.4423076923076925,
8073,2004,-0.5641666666666668,0.0033333333333333457,2.9038461538461537,65.36500000000001
8073,2005,-0.010833333333333315,-0.2591666666666667,1.0384615384615385,
8073,2006,-0.33,-0.21583333333333332,2.230769230769231,
8073,2007,0.7950000000000003,-0.07500000000000001,0.1346153846153846,
8073,2008,-0.10583333333333327,-0.10666666666666673,1.5849056603773586,
8073,2009,0.4883333333333333,0.21916666666666665,0.4807692307692308,133.77
8073,2010,0.5075,-0.29916666666666664,0.6153846153846154,
8073,2011,-2.1908333333333334,-0.1625,3.0576923076923075,
8073,2012,-4.449166666666666,-0.9366666666666665,3.769230769230769,
8073,2013,-3.8041666666666667,-0.005833333333333357,4.69811320754717,
8073,2014,-0.8666666666666667,0.05416666666666666,3.769230769230769,
8073,2015,2.075833333333333,0.19999999999999996,1.3846153846153846,
8073,2016,0.41666666666666674,-0.31916666666666665,1.1730769230769231,
8075,2000,-1.5716666666666665,-0.21833333333333338,1.3461538461538463,9.97
8075,2001,-1.665,-0.19000000000000003,0.7307692307692307,31.48
8075,2002,-4.475,-0.8324999999999999,3.0754716981132075,62.081999999999994
8075,2003,-2.813333333333333,-0.27416666666666667,3.3076923076923075,34.20952380952381
8075,2004,-1.2141666666666666,-0.03500000000000004,3.1153846153846154,
8075,2005,-0.16416666666666668,-0.2241666666666667,1.8653846153846154,43.29466666666667
8075,2006,-2.1174999999999997,-0.5924999999999999,2.826923076923077,
8075,2007,-1.0241666666666667,-0.18666666666666668,1.7307692307692308,
8075,2008,-1.0016666666666667,-0.14250000000000004,1.2830188679245282,231.0
8075,2009,1.4583333333333333,0.4483333333333334,0.38461538461538464,
8075,2010,2.2775,-0.18583333333333332,0.5576923076923077,34.2
8075,2011,1.3941666666666668,0.19000000000000003,1.0576923076923077,
8075,2012,-3.2866666666666666,-1.0975000000000001,2.75,14.8
8075,2013,-1.9599999999999997,0.03083333333333334,3.2641509433962264,16.02391304347826
8075,2014,2.9375000000000004,0.3908333333333333,0.4807692307692308,
8075,2015,4.010833333333333,0.017500000000000016,0.4423076923076923,11.95
8075,2016,1.0049999999999997,-0.14166666666666666,0.6153846153846154,16.392500000000002
8077,2000,-2.6858333333333335,-0.4025,0.7692307692307693,
8077,2001,-3.2558333333333334,-0.4275,0.38461538461538464,
8077,2002,-6.155,-0.7783333333333333,3.5660377358490565,
8077,2003,-4.026666666666667,-0.6608333333333333,4.0,
8077,2004,-1.7225000000000001,-0.05166666666666666,3.9038461538461537,
8077,2005,1.4841666666666666,0.17666666666666667,2.230769230769231,
8077,2006,0.2641666666666668,-0.21666666666666667,1.0192307692307692,
8077,2007,-0.1416666666666667,-0.3133333333333333,1.1346153846153846,
8077,2008,-0.07499999999999997,-0.09999999999999994,0.41509433962264153,
8077,2009,-0.23833333333333329,-0.35083333333333333,0.8461538461538461,
8077,2010,-0.0025000000000000022,0.1275,0.9230769230769231,
8077,2011,0.8141666666666668,-0.06916666666666667,0.0,
8077,2012,-3.555,-0.9416666666666668,3.1346153846153846,
8077,2013,-2.499166666666667,0.05666666666666669,2.811320754716981,
8077,2014,1.1125,0.024999999999999994,0.7307692307692307,
8077,2015,0.7358333333333333,0.1708333333333333,1.0192307692307692,
8077,2016,-0.43583333333333335,-0.09166666666666667,0.21153846153846154,
8079,2000,-1.8133333333333332,-0.3266666666666666,0.4807692307692308,
8079,2001,-0.73,-0.17500000000000002,0.3076923076923077,
8079,2002,-5.642499999999999,-1.1066666666666667,3.792452830188679,
8079,2003,-5.0475,-0.3758333333333333,3.826923076923077,
8079,2004,-1.7058333333333333,-0.015833333333333324,1.7307692307692308,
8079,2005,0.32250000000000006,-0.1225,0.5384615384615384,
8079,2006,-0.3699999999999997,0.1858333333333333,1.5384615384615385,
8079,2007,1.7183333333333335,0.11666666666666664,0.4423076923076923,
8079,2008,-0.1366666666666666,0.020833333333333315,0.20754716981132076,
8079,2009,-0.057499999999999996,-0.25500000000000006,0.4230769230769231,
8079,2010,-0.6066666666666666,-9.25185853854297e-18,0.6923076923076923,
8079,2011,-2.2241666666666666,-0.32499999999999996,2.25,
8079,2012,-4.37,-0.7041666666666667,2.423076923076923,
8079,2013,-2.317500000000001,-0.08416666666666671,2.660377358490566,
8079,2014,-0.1525,-0.33749999999999997,1.6538461538461537,
8079,2015,0.013333333333333357,0.043333333333333356,1.0961538461538463,
8079,2016,-0.54,-0.325,0.6346153846153846,
8081,2000,-2.6858333333333335,-0.23500000000000001,0.8653846153846154,
8081,2001,-3.2558333333333334,-0.5175,0.5769230769230769,
8081,2002,-6.155,-0.6916666666666668,3.5283018867924527,
8081,2003,-4.026666666666667,-0.44999999999999996,4.0576923076923075,
8081,2004,-1.7225000000000001,-0.32416666666666666,3.9038461538461537,
8081,2005,1.4841666666666666,0.18833333333333338,2.769230769230769,
8081,2006,0.2641666666666668,-0.31916666666666665,1.8846153846153846,
8081,2007,-0.1416666666666667,-0.3458333333333334,2.7115384615384617,
8081,2008,-0.07499999999999997,0.0050000000000000044,1.0754716981132075,
8081,2009,-0.23833333333333329,0.09166666666666667,0.6153846153846154,
8081,2010,-0.0025000000000000022,0.09916666666666664,1.2884615384615385,
8081,2011,0.8141666666666668,-0.007500000000000007,0.0,
8081,2012,-3.555,-1.2325,3.326923076923077,
8081,2013,-2.499166666666667,-0.19583333333333328,2.8867924528301887,
8081,2014,1.1125,0.03916666666666666,0.8461538461538461,
8081,2015,0.7358333333333333,-0.305,1.3461538461538463,
8081,2016,-0.43583333333333335,-0.044999999999999984,0.6153846153846154,
8083,2000,-2.6858333333333335,-0.39999999999999997,0.9807692307692307,
8083,2001,-3.2558333333333334,-0.46833333333333327,0.23076923076923078,
8083,2002,-6.155,-0.9541666666666666,3.8679245283018866,
8083,2003,-4.026666666666667,-0.5475,4.173076923076923,
8083,2004,-1.7225000000000001,-0.09499999999999999,3.3076923076923075,
8083,2005,1.4841666666666666,0.05833333333333331,0.75,
8083,2006,0.2641666666666668,-0.2558333333333334,2.1153846153846154,
8083,2007,-0.1416666666666667,-0.14583333333333334,1.9038461538461537,
8083,2008,-0.07499999999999997,0.027500000000000042,0.16981132075471697,
8083,2009,-0.23833333333333329,-0.3583333333333332,0.8461538461538461,
8083,2010,-0.0025000000000000022,0.22666666666666666,0.8461538461538461,
8083,2011,0.8141666666666668,-0.3491666666666667,0.7692307692307693,
8083,2012,-3.555,-0.9166666666666665,2.4615384615384617,
8083,2013,-2.499166666666667,-0.19500000000000006,2.811320754716981,
8083,2014,1.1125,-0.5041666666666667,3.1346153846153846,
8083,2015,0.7358333333333333,0.29666666666666663,1.8269230769230769,
8083,2016,-0.43583333333333335,-0.12583333333333332,0.8461538461538461,
8085,2000,-2.6858333333333335,-0.47666666666666674,0.7307692307692307,
8085,2001,-3.2558333333333334,-0.36250000000000004,0.38461538461538464,5.635
8085,2002,-6.155,-0.8450000000000001,3.660377358490566,
8085,2003,-4.026666666666667,-0.6308333333333334,4.0,
8085,2004,-1.7225000000000001,-0.11499999999999995,3.326923076923077,
8085,2005,1.4841666666666666,-0.14083333333333328,0.9423076923076923,
8085,2006,0.2641666666666668,-0.12916666666666662,1.0384615384615385,
8085,2007,-0.1416666666666667,-0.2025,1.1346153846153846,
8085,2008,-0.07499999999999997,-0.2225,0.11320754716981132,
8085,2009,-0.23833333333333329,-0.4283333333333334,0.7692307692307693,
8085,2010,-0.0025000000000000022,0.17833333333333332,0.19230769230769232,
8085,2011,0.8141666666666668,-0.18250000000000002,0.0,
8085,2012,-3.555,-0.8550000000000001,2.923076923076923,
8085,2013,-2.499166666666667,-0.0016666666666666635,2.6792452830188678,
8085,2014,1.1125,-0.21499999999999997,1.1153846153846154,
8085,2015,0.7358333333333333,0.05333333333333332,0.9615384615384616,
8085,2016,-0.43583333333333335,-0.3433333333333333,0.2692307692307692,
8087,2000,-1.6358333333333333,-0.1841666666666667,0.5192307692307693,
8087,2001,-1.8499999999999999,0.04500000000000004,0.019230769230769232,
8087,2002,-4.810833333333333,-0.745,2.8679245283018866,36.92
8087,2003,-2.8975000000000004,-0.3441666666666667,2.019230769230769,48.558181818181815
8087,2004,-0.8224999999999997,-0.002499999999999993,2.6538461538461537,89.49333333333334
8087,2005,0.15916666666666662,-0.2666666666666667,0.7692307692307693,31.5
8087,2006,-2.3641666666666667,-0.6000000000000001,2.5576923076923075,65.23
8087,2007,-1.2358333333333331,-0.28833333333333333,1.25,
8087,2008,-1.3383333333333332,-0.12499999999999996,1.169811320754717,
8087,2009,1.0775,0.27333333333333326,0.38461538461538464,
8087,2010,2.430833333333333,-0.1475,0.5769230769230769,32.75
8087,2011,1.7316666666666665,-0.13916666666666666,1.1923076923076923,
8087,2012,-3.2258333333333336,-0.9733333333333333,2.4423076923076925,42.19833333333333
8087,2013,-1.6183333333333334,-0.0050000000000000044,2.3773584905660377,54.73689655172415
8087,2014,3.8658333333333332,0.5375,0.36538461538461536,
8087,2015,4.626666666666666,0.285,0.40384615384615385,
8087,2016,1.0258333333333336,0.1958333333333333,0.36538461538461536,5.9799999999999995
8089,2000,-0.8133333333333334,-0.2791666666666667,0.4807692307692308,
8089,2001,-0.07416666666666664,-0.06416666666666664,0.3269230769230769,
8089,2002,-3.9324999999999997,-0.8150000000000001,3.792452830188679,7.82
8089,2003,-3.26,-0.6358333333333334,3.7115384615384617,
8089,2004,0.17083333333333314,0.08750000000000001,2.6346153846153846,10.08
8089,2005,0.4491666666666667,-0.2066666666666667,0.8461538461538461,
8089,2006,0.019999999999999907,0.10583333333333327,2.326923076923077,
8089,2007,1.2,-0.23166666666666666,0.07692307692307693,5.745
8089,2008,-0.19583333333333333,-0.09000000000000001,1.830188679245283,
8089,2009,-0.35166666666666685,-0.07916666666666669,0.9423076923076923,0.0
8089,2010,0.048333333333333416,-0.09249999999999993,0.5576923076923077,5.425
8089,2011,-3.0908333333333338,-0.2916666666666667,3.480769230769231,10.09
8089,2012,-4.801666666666667,-1.2908333333333333,4.0576923076923075,
8089,2013,-4.0575,-0.5141666666666668,5.0,
8089,2014,-1.104166666666667,0.14916666666666667,4.365384615384615,19.18
8089,2015,2.1374999999999997,-0.09749999999999999,1.3846153846153846,
8089,2016,0.2291666666666667,-0.21583333333333332,0.75,
8091,2000,-2.6858333333333335,-0.3733333333333333,0.6538461538461539,
8091,2001,-3.2558333333333334,-0.17666666666666667,0.38461538461538464,
8091,2002,-6.155,-0.7591666666666667,3.7169811320754715,
8091,2003,-4.026666666666667,-0.35833333333333334,3.6923076923076925,
8091,2004,-1.7225000000000001,-0.09166666666666666,2.0961538461538463,
8091,2005,1.4841666666666666,-0.10333333333333333,0.34615384615384615,
8091,2006,0.2641666666666668,-0.1183333333333333,1.1153846153846154,
8091,2007,-0.1416666666666667,-0.040000000000000015,0.8846153846153846,
8091,2008,-0.07499999999999997,-0.08250000000000007,0.11320754716981132,
8091,2009,-0.23833333333333329,-0.13333333333333333,0.5961538461538461,
8091,2010,-0.0025000000000000022,0.031666666666666676,0.3269230769230769,
8091,2011,0.8141666666666668,-0.09499999999999999,0.0,
8091,2012,-3.555,-0.7708333333333334,2.4423076923076925,
8091,2013,-2.499166666666667,-0.13749999999999993,2.5849056603773586,
8091,2014,1.1125,-0.023333333333333314,0.40384615384615385,
8091,2015,0.7358333333333333,-0.02833333333333335,0.9423076923076923,
8091,2016,-0.43583333333333335,-0.1725,0.2692307692307692,
8093,2000,-1.5291666666666668,-0.11499999999999999,0.3269230769230769,20.683749999999996
8093,2001,-1.6175,-0.13,0.0,48.642399999999995
8093,2002,-4.695833333333334,-0.6516666666666667,3.3962264150943398,233.8
8093,2003,-2.9450000000000007,-0.18500000000000003,3.019230769230769,93.4926923076923
8093,2004,-0.6941666666666667,0.09166666666666667,1.6923076923076923,
8093,2005,0.19583333333333333,-0.056666666666666705,0.38461538461538464,
8093,2006,-2.0533333333333332,0.12749999999999997,1.4038461538461537,
8093,2007,-0.9191666666666668,0.125,0.07692307692307693,
8093,2008,-1.1900000000000002,0.12249999999999998,0.7358490566037735,
8093,2009,0.8916666666666666,0.17083333333333336,0.6153846153846154,
8093,2010,2.1199999999999997,-0.04833333333333332,0.7115384615384616,
8093,2011,1.105833333333333,0.06749999999999999,2.5576923076923075,
8093,2012,-3.4291666666666667,-0.705,3.1346153846153846,
8093,2013,-1.9349999999999998,0.31416666666666665,2.943396226415094,
8093,2014,3.2199999999999993,0.3925,0.17307692307692307,
8093,2015,4.301666666666667,0.3150000000000001,0.28846153846153844,
8093,2016,0.9216666666666669,-0.1875,0.6923076923076923,
8095,2000,-1.3316666666666668,-0.2725,1.8846153846153846,
8095,2001,-0.9708333333333333,0.1391666666666667,1.0384615384615385,
8095,2002,-3.2091666666666665,-0.6266666666666667,3.0754716981132075,
8095,2003,-2.49,-0.44333333333333336,3.1923076923076925,171.9
8095,2004,-2.69,0.1591666666666667,3.1153846153846154,
8095,2005,-1.375,-0.33166666666666667,1.7692307692307692,
8095,2006,-1.1900000000000002,-0.2883333333333334,2.826923076923077,
8095,2007,-0.22666666666666668,-0.032499999999999994,1.1153846153846154,
8095,2008,0.2591666666666666,-0.003333333333333329,0.9811320754716981,
8095,2009,2.8958333333333335,0.5675,0.07692307692307693,216.8
8095,2010,1.6991666666666665,-0.1475,0.5,
8095,2011,0.12583333333333332,0.1133333333333333,0.9038461538461539,157.47777777777776
8095,2012,-3.5124999999999997,-1.0241666666666667,2.75,
8095,2013,-3.2416666666666667,-0.16333333333333333,3.792452830188679,
8095,2014,-0.5508333333333333,0.28583333333333333,1.0384615384615385,
8095,2015,1.6950000000000003,-0.07166666666666668,0.3076923076923077,
8095,2016,0.9233333333333333,-0.07500000000000002,0.3269230769230769,
8097,2000,-2.6858333333333335,-0.12166666666666666,0.6153846153846154,
8097,2001,-3.2558333333333334,-0.1533333333333333,0.28846153846153844,
8097,2002,-6.155,-0.7174999999999999,3.4339622641509435,
8097,2003,-4.026666666666667,-0.295,3.230769230769231,
8097,2004,-1.7225000000000001,-0.23499999999999996,1.9615384615384615,
8097,2005,1.4841666666666666,0.30083333333333334,0.38461538461538464,
8097,2006,0.2641666666666668,-0.05666666666666668,0.6538461538461539,
8097,2007,-0.1416666666666667,-0.07916666666666661,0.5384615384615384,
8097,2008,-0.07499999999999997,0.18000000000000002,0.1320754716981132,
8097,2009,-0.23833333333333329,-0.09166666666666667,0.5769230769230769,
8097,2010,-0.0025000000000000022,0.125,0.8846153846153846,
8097,2011,0.8141666666666668,0.022500000000000037,0.09615384615384616,
8097,2012,-3.555,-0.6216666666666667,3.3076923076923075,
8097,2013,-2.499166666666667,0.1566666666666667,2.490566037735849,
8097,2014,1.1125,0.20833333333333334,0.17307692307692307,
8097,2015,0.7358333333333333,-0.055833333333333346,0.9423076923076923,
8097,2016,-0.43583333333333335,-0.11666666666666665,0.2692307692307692,
8099,2000,-0.8133333333333334,-0.28,0.6730769230769231,201.35
8099,2001,-0.07416666666666664,-0.07250000000000001,0.36538461538461536,68.3
8099,2002,-3.9324999999999997,-0.34749999999999986,3.547169811320755,17.96
8099,2003,-3.26,-0.36083333333333334,2.923076923076923,129.5
8099,2004,0.17083333333333314,0.275,2.3461538461538463,24.540000000000003
8099,2005,0.4491666666666667,-0.10416666666666667,0.46153846153846156,
8099,2006,0.019999999999999907,0.09749999999999996,2.3076923076923075,
8099,2007,1.2,-0.09666666666666666,0.6730769230769231,7.445
8099,2008,-0.19583333333333333,-0.17250000000000001,2.5849056603773586,
8099,2009,-0.35166666666666685,0.13416666666666668,0.7884615384615384,
8099,2010,0.048333333333333416,-0.315,0.5192307692307693,103.21
8099,2011,-3.0908333333333338,-0.19333333333333327,3.3461538461538463,
8099,2012,-4.801666666666667,-0.8674999999999998,3.826923076923077,
8099,2013,-4.0575,-0.16,4.320754716981132,
8099,2014,-1.104166666666667,0.07500000000000001,3.8653846153846154,
8099,2015,2.1374999999999997,0.3841666666666666,1.3461538461538463,-999999.0
8099,2016,0.2291666666666667,-0.4625000000000001,0.7307692307692307,
8101,2000,-0.8133333333333334,-0.19999999999999996,0.38461538461538464,
8101,2001,-0.07416666666666664,-0.13083333333333333,0.3076923076923077,
8101,2002,-3.9324999999999997,-0.9225,3.792452830188679,
8101,2003,-3.26,-0.6533333333333333,3.8653846153846154,
8101,2004,0.17083333333333314,0.11583333333333333,2.576923076923077,
8101,2005,0.4491666666666667,-0.15666666666666668,0.8653846153846154,
8101,2006,0.019999999999999907,0.037500000000000054,2.480769230769231,
8101,2007,1.2,-0.06583333333333337,0.1346153846153846,
8101,2008,-0.19583333333333333,-0.06333333333333334,1.320754716981132,17.87
8101,2009,-0.35166666666666685,-0.06500000000000002,0.6923076923076923,
8101,2010,0.048333333333333416,-0.2816666666666667,0.5769230769230769,
8101,2011,-3.0908333333333338,-0.24250000000000002,3.4038461538461537,2.52
8101,2012,-4.801666666666667,-1.2725000000000002,3.730769230769231,
8101,2013,-4.0575,-0.16166666666666665,4.69811320754717,5.525
8101,2014,-1.104166666666667,-0.007499999999999986,3.0384615384615383,-199995.588
8101,2015,2.1374999999999997,0.1025,1.0384615384615385,-999999.0
8101,2016,0.2291666666666667,-0.24166666666666667,0.8846153846153846,8.04
8103,2000,-2.6858333333333335,-0.26416666666666666,0.6923076923076923,
8103,2001,-3.2558333333333334,-0.36000000000000004,0.5576923076923077,
8103,2002,-6.155,-0.7999999999999999,3.2641509433962264,
8103,2003,-4.026666666666667,-0.4683333333333333,4.0,
8103,2004,-1.7225000000000001,-0.2924999999999999,3.9038461538461537,
8103,2005,1.4841666666666666,0.23249999999999996,2.326923076923077,
8103,2006,0.2641666666666668,-0.16083333333333336,1.1346153846153846,
8103,2007,-0.1416666666666667,-0.2950000000000001,1.4038461538461537,
8103,2008,-0.07499999999999997,-0.05333333333333335,0.5849056603773585,
8103,2009,-0.23833333333333329,-0.11916666666666663,0.5384615384615384,
8103,2010,-0.0025000000000000022,0.06833333333333332,1.0769230769230769,
8103,2011,0.8141666666666668,0.009999999999999972,0.0,
8103,2012,-3.555,-1.0483333333333336,3.3653846153846154,319.5
8103,2013,-2.499166666666667,-0.17749999999999996,2.8679245283018866,
8103,2014,1.1125,0.1416666666666667,0.8269230769230769,
8103,2015,0.7358333333333333,-0.1583333333333334,1.3076923076923077,294.375
8103,2016,-0.43583333333333335,-0.17333333333333334,0.36538461538461536,
8105,2000,-1.5524999999999995,-0.30833333333333335,0.46153846153846156,
8105,2001,0.03416666666666671,-0.010000000000000056,0.34615384615384615,
8105,2002,-5.486666666666667,-0.9608333333333333,3.8679245283018866,0.0
8105,2003,-5.354166666666667,-0.3966666666666667,4.0,
8105,2004,-1.7025,0.09333333333333337,1.9807692307692308,21.91
8105,2005,-0.029999999999999916,-0.03833333333333334,0.5384615384615384,20.895555555555557
8105,2006,-0.5616666666666669,0.11583333333333327,1.7115384615384615,14.41
8105,2007,2.2808333333333333,0.10083333333333333,0.6153846153846154,
8105,2008,-0.15583333333333318,0.1491666666666667,0.6226415094339622,
8105,2009,-0.0041666666666666545,0.013333333333333364,0.6923076923076923,19.136666666666667
8105,2010,-0.79,-0.10666666666666667,0.6923076923076923,25.988
8105,2011,-3.1425,-0.37999999999999995,3.25,31.462
8105,2012,-4.6175,-0.7016666666666665,2.8846153846153846,31.55071428571429
8105,2013,-2.2625000000000006,0.02583333333333333,2.4150943396226414,
8105,2014,-0.5341666666666667,-0.4874999999999999,1.6538461538461537,
8105,2015,-0.20666666666666667,0.02250000000000001,1.0961538461538463,
8105,2016,-0.5691666666666667,-0.3533333333333333,0.6346153846153846,
8107,2000,-2.6858333333333335,-0.14416666666666667,0.8846153846153846,
8107,2001,-3.2558333333333334,-0.5316666666666665,0.5384615384615384,
8107,2002,-6.155,-0.6066666666666668,3.4339622641509435,
8107,2003,-4.026666666666667,-0.07250000000000002,3.269230769230769,
8107,2004,-1.7225000000000001,-0.13249999999999998,2.730769230769231,
8107,2005,1.4841666666666666,0.2583333333333333,1.6153846153846154,
8107,2006,0.2641666666666668,-0.04999999999999996,1.2307692307692308,
8107,2007,-0.1416666666666667,-0.1741666666666667,1.0192307692307692,
8107,2008,-0.07499999999999997,0.1133333333333333,0.39622641509433965,
8107,2009,-0.23833333333333329,0.06416666666666665,0.5769230769230769,
8107,2010,-0.0025000000000000022,0.20750000000000002,0.9615384615384616,
8107,2011,0.8141666666666668,0.32666666666666666,0.0,
8107,2012,-3.555,-0.8250000000000002,3.2884615384615383,
8107,2013,-2.499166666666667,0.02333333333333333,2.792452830188679,
8107,2014,1.1125,0.4475,0.34615384615384615,
8107,2015,0.7358333333333333,-0.2975000000000001,1.0961538461538463,
8107,2016,-0.43583333333333335,-0.205,0.7115384615384616,
8109,2000,-1.7933333333333332,-0.22,0.6153846153846154,7.246153846153845
8109,2001,-0.7316666666666668,0.004166666666666689,0.34615384615384615,
8109,2002,-5.571666666666666,-0.9499999999999997,3.7358490566037736,7.215
8109,2003,-4.972500000000001,-0.20999999999999996,4.0,17.98
8109,2004,-1.6708333333333332,-0.1283333333333333,2.4615384615384617,16.17833333333333
8109,2005,0.32750000000000007,-0.08666666666666667,0.8076923076923077,13.9506
8109,2006,-0.3591666666666666,0.025833333333333337,2.076923076923077,13.894761904761904
8109,2007,1.6825,0.09333333333333332,0.15384615384615385,0.0
8109,2008,-0.1366666666666667,-0.09083333333333332,0.660377358490566,
8109,2009,-0.06083333333333335,-0.15583333333333335,0.6923076923076923,52.41
8109,2010,-0.5908333333333333,-0.24416666666666664,0.6538461538461539,38.01
8109,2011,-2.1916666666666664,-0.3275,3.230769230769231,54.99
8109,2012,-4.325833333333333,-0.7574999999999998,3.423076923076923,27.349
8109,2013,-2.3133333333333335,0.02666666666666666,2.792452830188679,
8109,2014,-0.15333333333333335,0.03416666666666666,1.5,
8109,2015,0.03999999999999998,0.019166666666666676,1.25,23.22529411764706
8109,2016,-0.5233333333333333,-0.2583333333333333,0.9038461538461539,
8111,2000,-2.5708333333333333,-0.3383333333333334,0.6538461538461539,
8111,2001,-2.923333333333334,-0.31083333333333335,0.36538461538461536,
8111,2002,-6.0874999999999995,-0.91,3.792452830188679,
8111,2003,-4.16,-0.3383333333333333,3.6923076923076925,
8111,2004,-1.721666666666667,-0.0458333333333333,1.6346153846153846,
8111,2005,1.3308333333333338,-0.051666666666666666,0.3076923076923077,
8111,2006,0.18083333333333332,0.1083333333333333,1.4038461538461537,
8111,2007,0.10416666666666674,0.07333333333333336,0.8846153846153846,
8111,2008,-0.08249999999999998,-0.003333333333333355,0.11320754716981132,
8111,2009,-0.21499999999999997,-0.24749999999999997,0.6538461538461539,
8111,2010,-0.08166666666666668,-0.019166666666666648,0.4423076923076923,
8111,2011,0.41333333333333333,-0.18166666666666664,0.3076923076923077,
8111,2012,-3.660833333333334,-0.7966666666666665,2.0961538461538463,
8111,2013,-2.475833333333334,-0.12500000000000003,2.509433962264151,
8111,2014,0.9458333333333333,-0.057500000000000016,0.7115384615384616,
8111,2015,0.6408333333333334,0.07333333333333329,0.9230769230769231,
8111,2016,-0.44916666666666666,-0.1541666666666667,0.4230769230769231,
8113,2000,-2.6858333333333335,-0.3866666666666667,0.75,
8113,2001,-3.2558333333333334,-0.3675,0.38461538461538464,
8113,2002,-6.155,-0.8783333333333333,3.7735849056603774,
8113,2003,-4.026666666666667,-0.43249999999999994,3.980769230769231,
8113,2004,-1.7225000000000001,-0.14999999999999994,2.9038461538461537,
8113,2005,1.4841666666666666,-0.02333333333333334,0.34615384615384615,
8113,2006,0.2641666666666668,-0.12749999999999997,1.2115384615384615,
8113,2007,-0.1416666666666667,-0.1475,1.1923076923076923,
8113,2008,-0.07499999999999997,-0.11250000000000003,0.11320754716981132,
8113,2009,-0.23833333333333329,-0.3708333333333334,0.7115384615384616,
8113,2010,-0.0025000000000000022,0.18666666666666668,0.4230769230769231,
8113,2011,0.8141666666666668,-0.1825,0.19230769230769232,
8113,2012,-3.555,-0.8291666666666665,2.826923076923077,
8113,2013,-2.499166666666667,-0.10750000000000004,2.792452830188679,
8113,2014,1.1125,-0.23666666666666666,1.3846153846153846,
8113,2015,0.7358333333333333,0.04666666666666668,1.0,
8113,2016,-0.43583333333333335,-0.22333333333333336,0.2692307692307692,
8115,2000,-1.4625000000000001,-0.2708333333333334,1.8461538461538463,
8115,2001,-1.3483333333333334,-0.01583333333333335,0.9038461538461539,
8115,2002,-3.8983333333333334,-0.5616666666666666,3.2641509433962264,
8115,2003,-2.6666666666666674,-0.3916666666666666,3.6153846153846154,20.0
8115,2004,-1.8875,0.00999999999999999,3.1153846153846154,36.0
8115,2005,-0.715,-0.30583333333333335,2.0,32.20344827586207
8115,2006,-1.6949999999999996,-0.24750000000000003,3.1153846153846154,
8115,2007,-0.6608333333333333,-0.00999999999999999,1.7307692307692308,
8115,2008,-0.42916666666666675,-0.029166666666666643,0.8301886792452831,
8115,2009,2.115,0.5791666666666667,0.019230769230769232,251.8
8115,2010,2.015,-0.09333333333333332,0.5,
8115,2011,0.8158333333333334,0.215,0.9038461538461539,
8115,2012,-3.39,-1.1833333333333331,2.826923076923077,
8115,2013,-2.5433333333333334,0.05416666666666667,3.830188679245283,23.549999999999997
8115,2014,1.3475000000000001,0.2133333333333333,1.3846153846153846,
8115,2015,2.955,0.022500000000000003,0.3076923076923077,
8115,2016,0.9683333333333332,-0.08749999999999998,0.3269230769230769,
8117,2000,-2.6658333333333335,-0.03916666666666667,0.5576923076923077,
8117,2001,-3.2274999999999996,-0.31666666666666665,0.038461538461538464,
8117,2002,-6.128333333333333,-0.7541666666666668,3.2264150943396226,
8117,2003,-4.004166666666666,-0.02916666666666666,2.423076923076923,0.0
8117,2004,-1.7041666666666666,-0.17166666666666675,1.75,0.0
8117,2005,1.4574999999999998,0.03583333333333332,0.3076923076923077,
8117,2006,0.2125,-0.05333333333333334,0.7115384615384616,
8117,2007,-0.16333333333333336,-0.03833333333333331,0.019230769230769232,
8117,2008,-0.10083333333333333,0.2466666666666666,0.1320754716981132,
8117,2009,-0.21166666666666667,-0.026666666666666696,0.7115384615384616,
8117,2010,0.04666666666666666,0.0675,1.1923076923076923,
8117,2011,0.8333333333333331,0.21083333333333334,0.28846153846153844,15.325000000000001
8117,2012,-3.549166666666667,-0.6391666666666667,2.826923076923077,
8117,2013,-2.4808333333333326,0.2275,2.0,
8117,2014,1.1675,0.41500000000000004,0.0,
8117,2015,0.8141666666666666,-0.1875,0.5384615384615384,
8117,2016,-0.40750000000000003,-0.1683333333333333,0.5769230769230769,
8119,2000,-1.1675,-0.10416666666666664,0.28846153846153844,
8119,2001,-0.8374999999999999,-0.18666666666666668,0.0,
8119,2002,-4.3116666666666665,-0.7133333333333333,3.339622641509434,
8119,2003,-3.105,-0.05499999999999997,2.980769230769231,
8119,2004,-0.25666666666666677,0.18833333333333332,1.3269230769230769,
8119,2005,0.3241666666666667,-0.20749999999999993,0.40384615384615385,
8119,2006,-1.0058333333333331,-0.045000000000000005,1.6153846153846154,
8119,2007,0.15166666666666673,-0.13083333333333336,0.11538461538461539,
8119,2008,-0.6874999999999999,-0.17249999999999996,1.1320754716981132,
8119,2009,0.26333333333333325,0.33499999999999996,0.5192307692307693,
8119,2010,1.0724999999999998,-0.3408333333333333,0.5576923076923077,
8119,2011,-1.0166666666666666,-0.11499999999999995,2.7884615384615383,
8119,2012,-4.1241666666666665,-0.9025,3.076923076923077,
8119,2013,-3.0083333333333324,0.14083333333333334,2.981132075471698,
8119,2014,1.0325,0.2041666666666666,0.17307692307692307,
8119,2015,3.2083333333333335,0.5100000000000001,0.28846153846153844,
8119,2016,0.5724999999999997,-0.08916666666666669,0.6730769230769231,
8121,2000,-1.4508333333333336,-0.1566666666666667,1.0384615384615385,
8121,2001,-1.3125,0.08833333333333339,0.15384615384615385,130.66666666666666
8121,2002,-3.834166666666667,-0.6708333333333334,3.0,
8121,2003,-2.6483333333333334,-0.3125,2.8076923076923075,
8121,2004,-1.9624999999999997,-0.018333333333333337,3.0576923076923075,
8121,2005,-0.7766666666666665,-0.2575,1.25,
8121,2006,-1.6475,-0.4925000000000001,2.5,
8121,2007,-0.6191666666666668,-0.17500000000000004,1.1730769230769231,
8121,2008,-0.3633333333333333,-0.12916666666666668,1.2264150943396226,
8121,2009,2.186666666666667,0.355,0.38461538461538464,160.0
8121,2010,1.9858333333333336,-0.3708333333333333,0.5576923076923077,242.0
8121,2011,0.7525,0.02583333333333329,1.1730769230769231,98.95
8121,2012,-3.4008333333333334,-1.0499999999999998,2.5,174.8
8121,2013,-2.6083333333333334,0.035000000000000024,2.9622641509433962,240.0
8121,2014,1.1716666666666666,0.325,0.6346153846153846,103.15
8121,2015,2.839166666666667,-0.04583333333333333,0.40384615384615385,
8121,2016,0.9633333333333335,-0.13583333333333333,0.8076923076923077,
8123,2000,-1.6358333333333333,-0.35916666666666663,0.8846153846153846,26.974999999999998
8123,2001,-1.8499999999999999,-0.09083333333333336,0.34615384615384615,16.43
8123,2002,-4.810833333333333,-0.6258333333333334,3.150943396226415,24.191470588235294
8123,2003,-2.8975000000000004,-0.355,2.8846153846153846,27.56806451612903
8123,2004,-0.8224999999999997,-0.015833333333333328,2.769230769230769,255.6607462686567
8123,2005,0.15916666666666662,-0.1975,1.1153846153846154,17.470882352941175
8123,2006,-2.3641666666666667,-0.6750000000000002,2.730769230769231,33.96368421052631
8123,2007,-1.2358333333333331,-0.04833333333333336,1.6730769230769231,16.82
8123,2008,-1.3383333333333332,-0.19833333333333336,1.169811320754717,24.475
8123,2009,1.0775,0.3,0.5192307692307693,
8123,2010,2.430833333333333,-0.125,0.6153846153846154,28.07
8123,2011,1.7316666666666665,0.17166666666666666,1.1923076923076923,
8123,2012,-3.2258333333333336,-1.01,2.980769230769231,12.72
8123,2013,-1.6183333333333334,0.15583333333333335,2.7358490566037736,
8123,2014,3.8658333333333332,0.5075000000000001,0.038461538461538464,17.785
8123,2015,4.626666666666666,0.24000000000000002,0.21153846153846154,11.57
8123,2016,1.0258333333333336,-0.0366666666666667,1.0576923076923077,10.203333333333335
8125,2000,-1.3316666666666668,-0.17499999999999996,1.8076923076923077,
8125,2001,-0.9708333333333333,-0.025000000000000005,0.9615384615384616,125.46666666666665
8125,2002,-3.2091666666666665,-0.6958333333333334,3.0754716981132075,
8125,2003,-2.49,-0.39666666666666667,2.9615384615384617,51.3
8125,2004,-2.69,0.09749999999999999,3.5,195.4
8125,2005,-1.375,-0.2250000000000001,2.1923076923076925,
8125,2006,-1.1900000000000002,-0.43,2.4615384615384617,215.5
8125,2007,-0.22666666666666668,-0.0316666666666667,0.8653846153846154,240.5
8125,2008,0.2591666666666666,0.02916666666666667,0.9811320754716981,
8125,2009,2.8958333333333335,0.5408333333333334,0.17307692307692307,167.68
8125,2010,1.6991666666666665,-0.25166666666666665,0.46153846153846156,186.62857142857143
8125,2011,0.12583333333333332,0.12083333333333333,0.8269230769230769,136.1277777777778
8125,2012,-3.5124999999999997,-1.025,2.826923076923077,219.5
8125,2013,-3.2416666666666667,-0.14583333333333334,3.9245283018867925,183.875
8125,2014,-0.5508333333333333,0.23083333333333333,2.0384615384615383,
8125,2015,1.6950000000000003,-0.09083333333333332,0.6153846153846154,172.70000000000002
8125,2016,0.9233333333333333,-0.14083333333333334,0.5961538461538461,
